Vmax,Km
1.4952505076377136,31.33854125436057
